<?xml version="1.0" encoding="UTF-8"?>
<beans xmlns="http://www.springframework.org/schema/beans"
	xmlns:xsi="http://www.w3.org/2001/XMLSchema-instance"
	xmlns:aop="http://www.springframework.org/schema/aop"
	xmlns:c="http://www.springframework.org/schema/c"
	xmlns:context="http://www.springframework.org/schema/context"
	xmlns:mvc="http://www.springframework.org/schema/mvc"
	xmlns:p="http://www.springframework.org/schema/p"
	xsi:schemaLocation="http://www.springframework.org/schema/beans http://www.springframework.org/schema/beans/spring-beans.xsd
		http://www.springframework.org/schema/aop http://www.springframework.org/schema/aop/spring-aop-4.3.xsd
		http://www.springframework.org/schema/context http://www.springframework.org/schema/context/spring-context-4.3.xsd
		http://www.springframework.org/schema/mvc http://www.springframework.org/schema/mvc/spring-mvc-4.3.xsd">
    <!-- AOP -->
    <aop:aspectj-autoproxy/>
    
    <!-- MVC활성-->
    <mvc:annotation-driven>
	    <mvc:message-converters>
	        <bean class="org.springframework.http.converter.StringHttpMessageConverter">
	            <property name="supportedMediaTypes">
	                <list>
	                    <value>text/html;charset=UTF-8</value>
	                </list>
	            </property>
	        </bean>
	    </mvc:message-converters>
   </mvc:annotation-driven>
    
    <!-- 클래스 등록 -->
    <context:component-scan base-package="com.sist.*"/>

    <!-- JSP를 찾기 위한 설정 -->
    <bean id="viewResolver" class="org.springframework.web.servlet.view.InternalResourceViewResolver"
          p:prefix="/"
          p:suffix=".jsp"
    />
    
    <bean id="multipartResolver"
       class="org.springframework.web.multipart.commons.CommonsMultipartResolver"/>

    <bean id="messageSource"
       class="org.springframework.context.support.ReloadableResourceBundleMessageSource"
       p:basename="/WEB-INF/message"
       p:defaultEncoding="UTF-8"
    />    

</beans>











